<?xml version="1.0" encoding="UTF-8"?>
<project-private xmlns="http://www.netbeans.org/ns/project-private/1">
    <editor-bookmarks xmlns="http://www.netbeans.org/ns/editor-bookmarks/2" lastBookmarkId="0"/>
    <open-files xmlns="http://www.netbeans.org/ns/projectui-open-files/2">
        <group>
            <file>file:/E:/FinalProject/src/finalproject/Splash.java</file>
            <file>file:/E:/FinalProject/src/finalproject/Frame1.java</file>
            <file>file:/E:/FinalProject/src/finalproject/Signupform.java</file>
            <file>file:/E:/FinalProject/src/finalproject/Shop.java</file>
        </group>
    </open-files>
</project-private>
